t_ms,dt_us,pitch,pitch_err,vel_offset,theta_dot,vel_L,vel_R,v_fwd,i_unsat,i_sat,z_theta,vel_int
72539.0,10000.0,48.94,37.06,-2.0,-1.2,-298.6,315.3,307.0,0.0093,0.0093,0.0129,0.0
72589.0,10000.0,55.11,30.89,-2.0,-2.254,-282.6,299.3,290.9,-0.02,-0.02,0.0403,0.0
72639.0,10001.0,64.43,21.57,-2.0,-2.959,-238.8,254.2,246.5,-0.0449,-0.0449,0.0608,0.0
72689.0,10002.0,74.48,11.52,-2.0,-4.283,-134.0,151.1,142.6,-0.1117,-0.1117,0.0732,0.0
72739.0,10002.0,87.12,-1.12,0.61,-3.892,15.6,-8.2,-11.9,-0.1053,-0.1053,0.0751,0.5954
72789.0,9997.0,93.89,-7.89,2.0,-1.7,98.9,-101.7,-100.3,-0.0093,-0.0093,0.0707,0.5954
72839.0,10001.0,91.91,-5.91,2.0,0.029,111.1,-124.3,-117.7,0.0752,0.0752,0.0665,0.5954
72889.0,9999.0,91.57,-5.57,1.51,0.118,22.9,-36.0,-29.4,0.0754,0.0754,0.0631,2.0667
72939.0,10157.0,90.86,-4.86,-2.0,0.342,-52.2,57.7,55.0,0.0774,0.0774,0.059,2.0667
72989.0,9997.0,88.96,-2.96,-2.0,0.189,-86.1,103.7,94.9,0.0669,0.0669,0.0543,2.0667
73039.0,10171.0,89.94,-3.94,-2.0,-0.263,-106.0,136.3,121.1,0.0375,0.0375,0.0498,2.0667
73089.0,9997.0,90.57,-4.57,-2.0,0.463,-104.4,147.7,126.1,0.0652,0.0652,0.0435,2.0667
73139.0,10000.0,88.64,-2.64,-2.0,0.622,-101.7,150.0,125.8,0.0706,0.0706,0.0389,2.0667
73189.0,10001.0,86.82,-0.82,-2.0,0.669,-115.9,161.9,138.9,0.0722,0.0722,0.0359,2.0667
73239.0,9854.0,84.41,1.59,-2.0,0.656,-127.3,174.0,150.7,0.074,0.074,0.0349,2.0667
73289.0,9998.0,84.39,1.61,-2.0,0.104,-137.2,186.9,162.0,0.046,0.046,0.0345,2.0667
73339.0,10002.0,84.7,1.3,-2.0,0.277,-140.8,178.2,159.5,0.0531,0.0531,0.0336,2.0667
73389.0,9997.0,81.9,4.1,-2.0,0.532,-138.8,154.3,146.6,0.0713,0.0713,0.0346,2.0667
73439.0,10000.0,84.77,1.23,-2.0,-0.377,-125.3,140.8,133.0,0.0221,0.0221,0.0351,2.0667
73489.0,10000.0,87.12,-1.12,-2.0,-0.901,-65.7,102.6,84.2,-0.0101,-0.0101,0.0331,2.0667
73539.0,10008.0,86.73,-0.73,-1.51,0.03,-14.4,46.5,30.5,0.0343,0.0343,0.0302,0.5436
73589.0,10133.0,87.27,-1.27,-0.72,-0.569,-5.3,23.6,14.4,0.0029,0.0029,0.0287,-0.1777
73639.0,9841.0,88.63,-2.63,-0.76,-0.315,-7.1,22.4,14.8,0.0101,0.0101,0.0259,-0.9139
73689.0,9998.0,88.36,-2.36,-0.09,-0.11,-0.2,2.7,1.5,0.0186,0.0186,0.0232,-0.9885
73739.0,10001.0,89.43,-3.43,-0.11,-0.198,-0.2,3.4,1.8,0.0093,0.0093,0.0205,-1.0801
73789.0,10000.0,89.41,-3.41,-0.05,0.062,-0.2,0.9,0.6,0.0187,0.0187,0.0174,-1.1088
73839.0,10000.0,88.81,-2.81,-0.03,0.224,-0.2,0.2,0.2,0.0245,0.0245,0.0147,-1.1202
73889.0,10134.0,88.47,-2.47,-0.3,0.148,-3.4,7.3,5.4,0.018,0.018,0.0124,-1.3893
73939.0,10002.0,88.68,-2.68,-0.71,-0.008,-10.1,16.7,13.4,0.0061,0.0061,0.0098,-2.0591
73989.0,9997.0,87.86,-1.86,-0.63,0.228,-7.1,15.8,11.5,0.0162,0.0162,0.0072,-2.6316
74039.0,10171.0,86.92,-0.92,-0.41,0.225,-1.1,12.8,7.0,0.016,0.016,0.0056,-2.9809
74089.0,10000.0,86.97,-0.97,-0.61,0.034,-2.7,18.8,10.8,0.0046,0.0046,0.0044,-3.5189
74139.0,9999.0,86.29,-0.29,-0.49,0.231,-1.1,15.3,8.2,0.0144,0.0144,0.0034,-3.9311
74189.0,9840.0,85.32,0.68,-0.31,0.29,0.0,8.9,4.5,0.0189,0.0189,0.0032,-4.1537
74239.0,10164.0,85.2,0.8,-0.5,0.082,-1.4,15.1,8.2,0.0089,0.0089,0.0036,-4.5673
74289.0,9998.0,84.93,1.07,-0.57,0.178,-1.1,17.6,9.4,0.0144,0.0144,0.004,-5.0367
74339.0,10164.0,84.2,1.8,-0.47,0.253,0.0,14.4,7.2,0.0204,0.0204,0.0048,-5.3974
74389.0,10000.0,83.69,2.31,-0.58,0.203,0.0,18.5,9.3,0.0203,0.0203,0.0062,-5.861
74439.0,10001.0,83.32,2.68,-0.78,0.158,-0.2,25.9,13.1,0.0203,0.0203,0.0079,-6.5137
74489.0,10005.0,82.87,3.13,-0.92,0.208,-0.5,30.5,15.5,0.0255,0.0255,0.0098,-7.2867
74539.0,9998.0,83.01,2.99,-1.2,0.019,-5.7,35.5,20.6,0.0177,0.0177,0.0116,-8.3171
74589.0,10002.0,83.21,2.79,-1.5,0.076,-13.1,39.4,26.2,0.0214,0.0214,0.013,-9.6282
74639.0,9997.0,82.8,3.2,-1.57,0.158,-16.0,38.0,27.0,0.0276,0.0276,0.0143,-10.9792
74689.0,9996.0,83.08,2.92,-1.92,-0.016,-23.8,43.1,33.4,0.0195,0.0195,0.0156,-12.6508
74739.0,10000.0,83.16,2.84,-2.0,0.061,-29.5,45.8,37.7,0.0239,0.0239,0.0163,-12.6508
74789.0,10006.0,82.66,3.34,-2.0,0.072,-30.7,44.9,37.8,0.0265,0.0265,0.0174,-12.6508
74839.0,10002.0,82.93,3.07,-2.0,-0.142,-36.9,50.2,43.5,0.0166,0.0166,0.0184,-12.6508
74889.0,9998.0,82.92,3.08,-2.0,-0.019,-37.8,51.5,44.7,0.0238,0.0238,0.0193,-12.6508
74939.0,10002.0,82.57,3.43,-2.0,-0.048,-32.3,49.2,40.8,0.0243,0.0243,0.0205,-12.6508
74989.0,9998.0,83.3,2.7,-2.0,-0.266,-34.1,53.6,43.9,0.0134,0.0134,0.0213,-12.6508
75039.0,10001.0,83.76,2.24,-2.0,-0.143,-31.6,51.3,41.4,0.0192,0.0192,0.0216,-12.6508
75089.0,10000.0,84.04,1.96,-2.0,-0.212,-26.1,46.5,36.3,0.0155,0.0155,0.0218,-12.6508
75139.0,9998.0,84.92,1.08,-2.0,-0.362,-25.9,46.3,36.1,0.0061,0.0061,0.0213,-12.6508
75189.0,10001.0,84.95,1.05,-1.72,-0.087,-17.2,40.3,28.7,0.0192,0.0192,0.0205,-14.0878
75239.0,10167.0,85.23,0.77,-1.34,-0.256,-8.0,33.7,20.8,0.0103,0.0103,0.02,-15.1298
75289.0,10001.0,86.63,-0.63,-1.46,-0.386,-9.4,36.0,22.7,-0.0001,-0.0001,0.0187,-16.2633
75339.0,10000.0,86.66,-0.66,-0.85,-0.009,-1.4,19.2,10.3,0.0174,0.0174,0.0168,-16.7785
75389.0,10000.0,86.69,-0.69,-0.49,-0.129,-0.5,5.5,3.0,0.0105,0.0105,0.0157,-16.9274
75439.0,10161.0,88.21,-2.21,-0.68,-0.403,-1.1,12.1,6.6,-0.008,-0.008,0.0138,-17.2595
75489.0,10001.0,89.18,-3.18,-0.45,-0.366,0.0,4.1,2.1,-0.0109,-0.0109,0.0108,-17.3625
75539.0,10171.0,90.77,-4.77,-0.35,-0.511,0.0,0.0,0.0,-0.0251,-0.0251,0.0069,-17.3625
75589.0,10001.0,91.79,-5.79,-0.1,-0.286,3.9,-5.7,-4.8,-0.0211,-0.0211,0.0019,-17.1221
75639.0,10000.0,91.79,-5.79,0.45,-0.102,13.7,-17.4,-15.6,-0.017,-0.017,-0.0031,-16.3436
75689.0,10000.0,92.66,-6.66,0.53,-0.263,14.0,-19.7,-16.8,-0.0324,-0.0324,-0.0082,-15.502
75739.0,9854.0,92.62,-6.62,0.85,0.006,19.0,-26.6,-22.8,-0.0249,-0.0249,-0.0136,-14.366
75789.0,9997.0,92.24,-6.24,1.35,0.12,27.7,-36.4,-32.1,-0.0235,-0.0235,-0.0183,-12.7583
75839.0,10171.0,92.3,-6.3,1.45,0.052,28.2,-38.7,-33.4,-0.0319,-0.0319,-0.0226,-11.0865
75889.0,9997.0,92.29,-6.29,1.64,0.105,29.8,-43.1,-36.4,-0.0341,-0.0341,-0.0268,-9.266
75939.0,10000.0,91.26,-5.26,2.0,0.301,34.6,-51.3,-42.9,-0.0263,-0.0263,-0.0303,-9.266
75989.0,10000.0,90.67,-4.67,2.0,0.252,36.9,-54.7,-45.8,-0.0308,-0.0308,-0.0328,-9.266
76039.0,10008.0,90.06,-4.06,2.0,0.28,36.2,-55.4,-45.8,-0.0309,-0.0309,-0.0348,-9.266
76089.0,10133.0,88.94,-2.94,2.0,0.41,39.6,-58.9,-49.2,-0.0242,-0.0242,-0.036,-9.266
76139.0,10002.0,87.89,-1.89,2.0,0.369,38.9,-59.5,-49.2,-0.0249,-0.0249,-0.0363,-9.266
76189.0,9997.0,87.36,-1.36,2.0,0.277,35.0,-57.0,-46.0,-0.0282,-0.0282,-0.0359,-9.266
76239.0,10002.0,86.44,-0.44,2.0,0.376,34.3,-56.8,-45.6,-0.0207,-0.0207,-0.0349,-9.266
76289.0,10000.0,85.6,0.4,2.0,0.329,33.0,-55.6,-44.3,-0.0195,-0.0195,-0.033,-9.266
76339.0,10001.0,85.02,0.98,1.78,0.24,26.6,-50.6,-38.6,-0.0206,-0.0206,-0.0307,-7.3367
76389.0,9843.0,84.51,1.49,1.67,0.229,23.6,-47.6,-35.6,-0.0173,-0.0173,-0.028,-5.5616
76439.0,10002.0,84.12,1.88,1.55,0.196,20.4,-44.9,-32.6,-0.0149,-0.0149,-0.025,-3.9249
76489.0,9997.0,84.11,1.89,1.28,0.107,14.7,-38.7,-26.7,-0.0162,-0.0162,-0.022,-2.591
76539.0,10002.0,83.51,2.49,1.12,0.201,11.2,-34.8,-23.0,-0.0072,-0.0072,-0.019,-1.4402
76589.0,10000.0,83.8,2.2,0.74,-0.063,4.1,-26.1,-15.1,-0.0178,-0.0178,-0.016,-0.6846
76639.0,10001.0,84.2,1.8,0.47,-0.095,0.0,-18.8,-9.4,-0.0177,-0.0177,-0.0137,-0.2151
76689.0,9837.0,84.08,1.92,0.52,-0.027,0.0,-20.6,-10.3,-0.0116,-0.0116,-0.0117,0.2985
76739.0,10002.0,84.24,1.76,0.48,-0.142,0.0,-18.5,-9.3,-0.0152,-0.0152,-0.0096,0.7637
76789.0,10001.0,84.98,1.02,0.37,-0.248,0.0,-13.7,-6.9,-0.0199,-0.0199,-0.008,1.1072
76839.0,10002.0,85.53,0.47,0.41,-0.213,0.0,-15.3,-7.7,-0.0179,-0.0179,-0.0071,1.4908
76889.0,10000.0,85.87,0.13,0.51,-0.175,0.0,-18.8,-9.4,-0.0156,-0.0156,-0.0065,1.9602
76939.0,10000.0,86.4,-0.4,0.52,-0.239,0.0,-18.8,-9.4,-0.0192,-0.0192,-0.0062,2.4296
76989.0,10008.0,87.06,-1.06,0.52,-0.298,0.0,-18.3,-9.2,-0.0235,-0.0235,-0.0064,2.8877
77039.0,10001.0,87.97,-1.97,0.59,-0.336,0.0,-21.1,-10.5,-0.0278,-0.0278,-0.0074,3.4144
77089.0,10002.0,88.55,-2.55,0.79,-0.261,0.9,-27.3,-14.1,-0.0264,-0.0264,-0.0089,4.1186
77139.0,9997.0,88.63,-2.63,1.13,-0.204,8.9,-32.3,-20.6,-0.025,-0.025,-0.0104,5.149
77189.0,10002.0,89.4,-3.4,1.34,-0.308,15.8,-32.7,-24.3,-0.033,-0.033,-0.012,6.3628
77239.0,10000.0,89.75,-3.75,1.69,-0.261,25.2,-36.0,-30.6,-0.033,-0.033,-0.014,7.8912
77289.0,9999.0,90.39,-4.39,2.0,-0.292,35.0,-41.0,-38.0,-0.0375,-0.0375,-0.016,7.8912
77339.0,10141.0,91.27,-5.27,2.0,-0.347,42.1,-46.9,-44.5,-0.0446,-0.0446,-0.0186,7.8912
77389.0,10001.0,92.03,-6.03,2.0,-0.252,51.1,-56.8,-53.9,-0.0449,-0.0449,-0.0218,7.8912
77439.0,10167.0,92.71,-6.71,2.0,-0.186,57.7,-67.6,-62.6,-0.0472,-0.0472,-0.0256,7.8912
77489.0,10001.0,92.88,-6.88,2.0,-0.195,61.8,-74.9,-68.4,-0.0531,-0.0531,-0.0298,7.8912
77539.0,10001.0,93.31,-7.31,2.0,-0.065,68.2,-83.6,-75.9,-0.0527,-0.0527,-0.0344,7.8912
77589.0,10000.0,93.72,-7.72,2.0,0.103,74.7,-93.4,-84.0,-0.0505,-0.0505,-0.039,7.8912
77639.0,10002.0,96.38,-10.38,2.0,0.475,85.4,-76.7,-81.1,-0.0448,-0.0448,-0.0464,7.8912
77689.0,9997.0,90.31,-4.31,2.0,2.249,105.6,-53.8,-79.7,0.0479,0.0479,-0.0509,7.8912
77739.0,10002.0,88.99,-2.99,2.0,0.261,61.1,-12.8,-37.0,-0.0496,-0.0496,-0.0509,7.8912
77789.0,9997.0,87.82,-1.82,0.39,0.981,7.8,-1.4,-4.6,-0.0158,-0.0158,-0.0522,8.1202
77839.0,9998.0,80.23,5.77,1.32,1.859,24.7,-20.6,-22.7,0.0447,0.0447,-0.0493,9.2536
77889.0,10000.0,79.07,6.93,-0.24,0.582,-10.5,6.2,8.4,-0.0117,-0.0117,-0.0426,8.8357
77939.0,9850.0,75.5,10.5,-0.54,1.291,-15.1,13.1,14.1,0.0374,0.0374,-0.0354,8.1335
77989.0,10002.0,70.99,15.01,-0.18,1.324,-6.6,6.6,6.6,0.0602,0.0602,-0.024,7.8005
78039.0,9998.0,70.21,15.79,-1.72,0.448,-36.6,36.9,36.8,0.0312,0.0312,-0.0107,5.9628
78089.0,10001.0,69.75,16.25,-2.0,0.441,-55.9,56.8,56.3,0.0459,0.0459,0.0016,5.9628
78139.0,10002.0,67.77,18.23,-2.0,0.639,-60.9,62.1,61.5,0.075,0.075,0.0151,5.9628
78189.0,10000.0,66.76,19.24,-2.0,0.294,-78.5,80.6,79.6,0.077,0.077,0.0298,5.9628
78239.0,9757.0,66.92,19.08,-2.0,-0.061,-98.0,103.1,100.5,0.077,0.077,0.0448,5.9628
78289.0,10002.0,67.27,18.73,-2.0,-0.224,-114.3,120.9,117.6,0.0859,0.0859,0.0595,5.9628
78339.0,9997.0,68.55,17.45,-2.0,-0.492,-130.8,138.8,134.8,0.0873,0.0873,0.0735,5.9628
78389.0,10002.0,69.88,16.12,-2.0,-0.668,-146.1,156.6,151.4,0.0918,0.0918,0.0863,5.9628
78439.0,9994.0,72.77,13.23,-2.0,-1.113,-156.9,172.0,164.4,0.0784,0.0784,0.0973,5.9628
78489.0,10000.0,75.54,10.46,-2.0,-1.54,-153.0,184.3,168.7,0.0628,0.0628,0.1057,5.9628
78539.0,9999.0,81.77,4.23,-2.0,-2.19,-127.1,194.2,160.6,0.0259,0.0259,0.11,5.9628
78589.0,9998.0,88.46,-2.46,-2.0,-2.164,-120.5,190.5,155.5,0.0148,0.0148,0.1082,5.9628
78639.0,9998.0,92.33,-6.33,-2.0,-1.918,-110.1,172.9,141.5,0.0144,0.0144,0.1026,5.9628
78689.0,10001.0,96.61,-10.61,-2.0,-1.744,-92.7,158.2,125.5,0.0051,0.0051,0.0931,5.9628
78739.0,10160.0,100.85,-14.85,-2.0,-1.841,-74.4,129.2,101.8,-0.0219,-0.0219,0.08,5.9628
78789.0,9999.0,101.61,-15.61,-2.0,-0.532,-34.1,82.0,58.1,0.0237,0.0237,0.0645,5.9628
78839.0,10000.0,102.3,-16.3,-0.92,-0.864,-4.6,36.2,20.4,-0.0103,-0.0103,0.0495,4.9438
78889.0,9998.0,107.53,-21.53,-0.94,-1.597,-12.6,28.2,20.4,-0.0766,-0.0766,0.0315,3.9247
78939.0,10002.0,109.53,-23.53,1.15,-1.018,19.5,-22.7,-21.1,-0.072,-0.072,0.0111,4.9781
78989.0,9997.0,111.71,-25.71,2.0,-0.952,47.6,-61.4,-54.5,-0.0953,-0.0953,-0.0094,4.9781
79039.0,10171.0,118.47,-32.47,2.0,-1.864,69.4,-95.5,-82.4,-0.1794,-0.1794,-0.033,4.9781
79169.0,10008.0,124.22,-38.22,2.0,-0.886,169.2,-249.2,-209.2,-0.1149,-0.1149,-0.0125,0.0
79359.0,10000.0,103.35,-17.35,2.0,0.7,248.9,-287.4,-268.2,-0.0179,-0.0179,-0.0244,0.0
79409.0,10000.0,60.72,25.28,2.0,1.399,242.5,-272.7,-257.6,0.0938,0.0938,-0.015,0.0
